Mechanism,Community_ID,Manuscript_label,Community_size,Library,Term,Overlap,P_value,Adjusted_P_value,Odds_Ratio,Combined_Score,Genes
DNA-RNA cross-attention,0,,329,Reactome_2022,Formation Of Cornified Envelope R-HSA-6809371,8/74,2.889e-05,2.011e-02,7.403,77.376,SPRR2E;LCE1B;LCE2C;SPRR2F;LCE3A;LELP1;LCE3E;LCE1D
DNA-RNA cross-attention,3,C3,165,GO_Biological_Process_2023,RNA Processing (GO:0006396),16/183,2.590e-12,3.144e-09,12.647,337.408,SF3B4;SF3A3;RBM8A;PABPC4;TUT4;NOL9;HNRNPR;ADAR;SFPQ;SNRNP40;EXOSC10;PRPF3;MAGOH;SNRPG;SRSF4;BCAS2
DNA-RNA cross-attention,3,C3,165,GO_Biological_Process_2023,"mRNA Splicing, Via Spliceosome (GO:0000398)",16/211,2.273e-11,1.379e-08,10.815,265.057,SF3B4;SF3A3;RBM8A;DDX1;HNRNPR;SFPQ;SNRNP40;SYF2;PRPF3;MAGOH;SNRPG;SNRNP27;SRSF4;PPIH;SRSF10;BCAS2
DNA-RNA cross-attention,3,C3,165,GO_Biological_Process_2023,mRNA Processing (GO:0006397),15/214,2.981e-10,9.235e-08,9.867,216.424,SF3B4;SF3A3;RBM8A;HNRNPR;SFPQ;SNRNP40;SYF2;PRPF3;MAGOH;SNRPG;SNRNP27;SRSF4;PPIH;SRSF10;BCAS2
DNA-RNA cross-attention,3,C3,165,GO_Biological_Process_2023,"RNA Splicing, Via Transesterification Reactions With Bulged Adenosine As Nucleophile (GO:0000377)",14/180,3.043e-10,9.235e-08,10.986,240.729,SF3B4;SF3A3;RBM8A;HNRNPR;SNRNP40;SYF2;PRPF3;MAGOH;SNRPG;SNRNP27;SRSF4;PPIH;SRSF10;BCAS2
DNA-RNA cross-attention,3,C3,165,GO_Biological_Process_2023,RNA Splicing (GO:0008380),11/98,5.198e-10,1.262e-07,16.213,346.605,SF3B4;SF3A3;SFPQ;SNRNP40;RBM8A;PRPF3;MAGOH;SNRPG;SRSF4;SRSF10;BCAS2
DNA-RNA cross-attention,3,C3,165,GO_Biological_Process_2023,mRNA Metabolic Process (GO:0016071),9/85,3.425e-08,5.940e-06,14.999,257.832,SF3B4;SF3A3;SFPQ;PNPT1;YTHDF2;PRPF3;HNRNPR;SRSF4;ZFP36L2
DNA-RNA cross-attention,3,C3,165,GO_Biological_Process_2023,"RNA Splicing, Via Transesterification Reactions (GO:0000375)",6/24,3.425e-08,5.940e-06,41.545,714.141,SF3A3;SF3B4;SNRNP40;PRPF3;SRSF4;SRSF10
DNA-RNA cross-attention,3,C3,165,GO_Biological_Process_2023,Regulation Of mRNA Catabolic Process (GO:0061013),7/46,9.349e-08,1.419e-05,22.488,363.981,PNPT1;YTHDF2;RBM8A;MAGOH;RC3H1;PUM1;ZFP36L2
DNA-RNA cross-attention,3,C3,165,GO_Biological_Process_2023,mRNA Catabolic Process (GO:0006402),6/43,1.363e-06,1.838e-04,20.192,272.708,EXOSC10;PNPT1;YTHDF2;TUT4;RC3H1;ZFP36L2
DNA-RNA cross-attention,3,C3,165,GO_Biological_Process_2023,Regulation Of Translational Initiation (GO:0006446),6/65,1.590e-05,1.930e-03,12.649,139.758,YTHDF2;DDX1;TPR;MTIF2;EIF4G3;UHMK1
DNA-RNA cross-attention,3,C3,165,GO_Biological_Process_2023,Chromatin Remodeling (GO:0006338),10/228,2.037e-05,2.248e-03,5.806,62.709,SFPQ;KDM1A;RBBP4;SETDB1;HDAC1;MTF2;HP1BP3;ARID1A;RNF2;UCHL5
DNA-RNA cross-attention,3,C3,165,GO_Biological_Process_2023,mRNA Destabilization (GO:0061157),5/43,2.687e-05,2.718e-03,16.280,171.344,YTHDF2;TUT4;RC3H1;PUM1;ZFP36L2
DNA-RNA cross-attention,3,C3,165,GO_Biological_Process_2023,RNA Metabolic Process (GO:0016070),7/111,3.788e-05,3.537e-03,8.405,85.577,SNRNP40;PNPT1;EXOSC10;PAPOLG;PABPC4;ADAR;NOL9
DNA-RNA cross-attention,3,C3,165,GO_Biological_Process_2023,Regulation Of Gene Expression (GO:0010468),23/1127,5.386e-05,4.671e-03,2.748,27.011,YTHDF2;MEAF6;SETDB1;TAF12;SORT1;HDAC1;ZNF281;HP1BP3;RC3H1;ASH1L;PUM1;YY1AP1;CDK11B;RNF2;RO60;SFPQ;RBBP4;ZNF638;MTF2;REL;GPBP1L1;ZNF326;SRSF10
DNA-RNA cross-attention,3,C3,165,GO_Biological_Process_2023,Nuclear-Transcribed mRNA Catabolic Process (GO:0000956),6/85,7.349e-05,5.945e-03,9.437,89.823,EXOSC10;RBM8A;TUT4;MAGOH;RC3H1;PNRC2
DNA-RNA cross-attention,3,C3,165,GO_Biological_Process_2023,"Nuclear-Transcribed mRNA Catabolic Process, Nonsense-Mediated Decay (GO:0000184)",4/28,7.836e-05,5.945e-03,20.508,193.890,RBM8A;MAGOH;RC3H1;PNRC2
DNA-RNA cross-attention,3,C3,165,GO_Biological_Process_2023,Regulation Of DNA-templated Transcription (GO:0006355),32/1922,9.027e-05,6.447e-03,2.284,21.274,KDM1A;MEAF6;HDAC1;HP1BP3;ARID4B;ENO1;RNF2;ZFP36L2;ZBTB41;RBBP4;CAMTA1;GPBP1L1;ZNF326;ZNF644;SRSF10;TAF12;ZNF281;ASH1L;ARID1A;ILF2;YY1AP1;CDK11B;UCHL5;MAD2L2;SFPQ;PITHD1;MTF2;REL;DEPDC1;MXD1;ATF3;TRIM33
DNA-RNA cross-attention,3,C3,165,GO_Biological_Process_2023,Regulation Of Cell Cycle Process (GO:0010564),7/130,1.034e-04,6.804e-03,7.100,65.159,SH3GLB1;AHCTF1;YTHDF2;BIRC6;KIF2C;PUM1;ARID1A
DNA-RNA cross-attention,3,C3,165,GO_Biological_Process_2023,RNA Catabolic Process (GO:0006401),5/57,1.065e-04,6.804e-03,11.889,108.752,EXOSC10;PNPT1;YTHDF2;PABPC4;ZFP36L2
DNA-RNA cross-attention,3,C3,165,GO_Biological_Process_2023,Spliceosomal Complex Assembly (GO:0000245),5/62,1.592e-04,9.664e-03,10.843,94.827,SF3B4;SF3A3;DDX1;SNRPG;SRSF10
DNA-RNA cross-attention,3,C3,165,GO_Biological_Process_2023,Gene Expression (GO:0010467),10/296,1.799e-04,1.011e-02,4.410,38.026,SNRNP40;EXOSC10;XPO1;RBM8A;PABPC4;MAGOH;TPR;NOL9;ADAR;MRPL24
DNA-RNA cross-attention,3,C3,165,GO_Biological_Process_2023,Regulation Of Cell Cycle (GO:0051726),10/298,1.900e-04,1.011e-02,4.379,37.521,PNPT1;MEAF6;NEK7;HTRA2;PUM1;YY1AP1;CDK11B;RNF2;UCHL5;UHMK1
DNA-RNA cross-attention,3,C3,165,GO_Biological_Process_2023,Regulation Of mRNA Processing (GO:0050684),4/35,1.916e-04,1.011e-02,15.872,135.866,RBM8A;MAGOH;SRSF10;CDK11B
DNA-RNA cross-attention,3,C3,165,GO_Biological_Process_2023,Regulation Of mRNA Metabolic Process (GO:1903311),3/15,2.332e-04,1.180e-02,30.591,255.847,RBM8A;MAGOH;CDK11B
DNA-RNA cross-attention,3,C3,165,GO_Biological_Process_2023,Regulation Of Protein Targeting To Mitochondrion (GO:1903214),4/39,2.933e-04,1.424e-02,14.055,114.327,SH3GLB1;HAX1;HTRA2;RNF2
DNA-RNA cross-attention,3,C3,165,GO_Biological_Process_2023,Positive Regulation Of Stem Cell Population Maintenance (GO:1902459),4/40,3.238e-04,1.512e-02,13.664,109.794,RBBP4;HDAC1;ARID4B;ARID1A
DNA-RNA cross-attention,3,C3,165,GO_Biological_Process_2023,Regulation Of Telomerase RNA Localization To Cajal Body (GO:1904872),3/17,3.444e-04,1.548e-02,26.218,209.059,EXOSC10;CCT7;CCT4
DNA-RNA cross-attention,3,C3,165,GO_Biological_Process_2023,Regulation Of Nucleic Acid-Templated Transcription (GO:1903506),12/452,3.840e-04,1.665e-02,3.457,27.190,SFPQ;RBBP4;MEAF6;TAF12;ZNF281;MTF2;HP1BP3;GPBP1L1;ASH1L;YY1AP1;CDK11B;SRSF10
DNA-RNA cross-attention,3,C3,165,GO_Biological_Process_2023,Membrane Organization (GO:0061024),7/167,4.804e-04,2.002e-02,5.448,41.628,SH3GLB1;CCDC88A;EXOC8;LMNA;TOR1AIP2;FNBP1L;S100A10
DNA-RNA cross-attention,3,C3,165,GO_Biological_Process_2023,Regulation Of Stem Cell Differentiation (GO:2000736),4/45,5.113e-04,2.002e-02,11.995,90.901,YTHDF2;RBBP4;HDAC1;ZFP36L2
DNA-RNA cross-attention,3,C3,165,GO_Biological_Process_2023,Positive Regulation Of mRNA Catabolic Process (GO:0061014),4/45,5.113e-04,2.002e-02,11.995,90.901,PNPT1;YTHDF2;PUM1;ZFP36L2
DNA-RNA cross-attention,3,C3,165,GO_Biological_Process_2023,Negative Regulation Of Stem Cell Population Maintenance (GO:1902455),3/20,5.669e-04,2.151e-02,21.588,161.378,RBBP4;HDAC1;ARID4B
DNA-RNA cross-attention,3,C3,165,GO_Biological_Process_2023,Macromolecule Catabolic Process (GO:0009057),5/85,6.931e-04,2.550e-02,7.717,56.135,SH3GLB1;EXOSC10;PNPT1;PABPC4;HTRA2
DNA-RNA cross-attention,3,C3,165,GO_Biological_Process_2023,Regulation Of Telomere Maintenance Via Telomerase (GO:0032210),4/51,8.253e-04,2.947e-02,10.460,74.265,EXOSC10;NEK7;CCT7;CCT4
DNA-RNA cross-attention,3,C3,165,GO_Biological_Process_2023,U2-type Prespliceosome Assembly (GO:1903241),3/23,8.649e-04,3.000e-02,18.347,129.402,SF3A3;SF3B4;SNRPG
DNA-RNA cross-attention,3,C3,165,GO_Biological_Process_2023,Regulation Of RNA Metabolic Process (GO:0051252),5/91,9.445e-04,3.014e-02,7.176,49.982,YTHDF2;TAF12;ZNF638;RC3H1;ZNF326
DNA-RNA cross-attention,3,C3,165,GO_Biological_Process_2023,Stress Granule Assembly (GO:0034063),3/24,9.825e-04,3.014e-02,17.473,121.006,YTHDF2;PRRC2C;UBAP2L
DNA-RNA cross-attention,3,C3,165,GO_Biological_Process_2023,Protein K48-linked Deubiquitination (GO:0071108),3/24,9.825e-04,3.014e-02,17.473,121.006,YOD1;RNF2;OTUD3
DNA-RNA cross-attention,3,C3,165,GO_Biological_Process_2023,mRNA Polyadenylation (GO:0006378),3/24,9.825e-04,3.014e-02,17.473,121.006,PNPT1;PAPOLG;CDC73
DNA-RNA cross-attention,3,C3,165,GO_Biological_Process_2023,Definitive Hemopoiesis (GO:0060216),2/6,9.929e-04,3.014e-02,60.831,420.640,HIPK1;ZFP36L2
DNA-RNA cross-attention,3,C3,165,GO_Biological_Process_2023,"Regulation Of mRNA Splicing, Via Spliceosome (GO:0048024)",5/94,1.093e-03,3.208e-02,6.933,47.277,SF3B4;RBM8A;MAGOH;SRSF4;SRSF10
DNA-RNA cross-attention,3,C3,165,GO_Biological_Process_2023,RNA Polyadenylation (GO:0043631),3/25,1.110e-03,3.208e-02,16.678,113.469,PNPT1;PAPOLG;CDC73
DNA-RNA cross-attention,3,C3,165,GO_Biological_Process_2023,Regulation Of Stem Cell Population Maintenance (GO:2000036),4/56,1.175e-03,3.317e-02,9.452,63.769,RBBP4;HDAC1;ARID4B;ARID1A
DNA-RNA cross-attention,3,C3,165,GO_Biological_Process_2023,mRNA Transport (GO:0051028),4/58,1.340e-03,3.571e-02,9.101,60.204,XPO1;RBM8A;MAGOH;TPR
DNA-RNA cross-attention,3,C3,165,GO_Biological_Process_2023,Regulation Of Heterochromatin Formation (GO:0031445),2/7,1.383e-03,3.571e-02,48.663,320.386,KDM1A;TPR
DNA-RNA cross-attention,3,C3,165,GO_Biological_Process_2023,Cellular Response To Interferon-Alpha (GO:0035457),2/7,1.383e-03,3.571e-02,48.663,320.386,RO60;TPR
DNA-RNA cross-attention,3,C3,165,GO_Biological_Process_2023,Positive Regulation Of Plasminogen Activation (GO:0010756),2/7,1.383e-03,3.571e-02,48.663,320.386,ENO1;S100A10
DNA-RNA cross-attention,3,C3,165,GO_Biological_Process_2023,Positive Regulation Of Organelle Assembly (GO:1902117),4/61,1.617e-03,4.089e-02,8.621,55.407,SH3GLB1;CCDC88A;STIL;UBAP2L
DNA-RNA cross-attention,3,C3,165,GO_Biological_Process_2023,Negative Regulation Of Transcription By RNA Polymerase II (GO:0000122),15/763,1.665e-03,4.126e-02,2.552,16.325,KDM1A;HDAC1;ZNF281;ARID4B;ENO1;NOC2L;RNF2;CDC73;MAD2L2;SFPQ;RBBP4;TPR;MXD1;ATF3;TRIM33
DNA-RNA cross-attention,3,C3,165,GO_Biological_Process_2023,mRNA Export From Nucleus (GO:0006406),4/62,1.717e-03,4.170e-02,8.472,53.938,XPO1;RBM8A;MAGOH;TPR
DNA-RNA cross-attention,3,C3,165,GO_Biological_Process_2023,Positive Regulation Of Protein Targeting To Mitochondrion (GO:1903955),3/30,1.901e-03,4.524e-02,13.586,85.123,SH3GLB1;HTRA2;RNF2
DNA-RNA cross-attention,3,C3,165,GO_Biological_Process_2023,RNA Export From Nucleus (GO:0006405),4/65,2.045e-03,4.774e-02,8.054,49.872,XPO1;RBM8A;MAGOH;TPR
DNA-RNA cross-attention,3,C3,165,GO_Molecular_Function_2023,RNA Binding (GO:0003723),47/1411,4.609e-17,1.019e-14,5.394,202.891,SF3B4;MACF1;KDM1A;RBM8A;DDX1;WDR3;TUT4;HNRNPR;MTIF2;ADAR;ENO1;C1ORF52;NOC2L;ZFP36L2;RO60;EXOSC10;MAGOH;TPR;UBAP2L;ZNF326;LBR;SRSF10;TRMT1L;CCT4;LRRC47;SF3A3;PRPF38B;PNPT1;YTHDF2;RCC2;PABPC4;RC3H1;PRRC2C;PUM1;ILF2;CDK11B;UCHL5;HADHB;SFPQ;SNRNP40;SYF2;PRPF3;ZNF638;SNRPG;SRSF4;PKN2;EIF4G3
DNA-RNA cross-attention,3,C3,165,GO_Molecular_Function_2023,miRNA Binding (GO:0035198),4/29,9.031e-05,9.979e-03,19.687,183.330,PNPT1;TUT4;RC3H1;PUM1
DNA-RNA cross-attention,3,C3,165,GO_Molecular_Function_2023,Nucleosome Binding (GO:0031491),5/62,1.592e-04,1.173e-02,10.843,94.827,RBBP4;HDAC1;HP1BP3;NOC2L;ARID1A
DNA-RNA cross-attention,3,C3,165,GO_Molecular_Function_2023,Translation Initiation Factor Activity (GO:0003743),4/41,3.565e-04,1.442e-02,13.294,105.541,EIF2B4;EIF2B3;MTIF2;EIF4G3
DNA-RNA cross-attention,3,C3,165,GO_Molecular_Function_2023,Transcription Corepressor Binding (GO:0001222),4/42,3.916e-04,1.442e-02,12.943,101.546,HDAC1;MTF2;ENO1;ZNF644
DNA-RNA cross-attention,3,C3,165,GO_Molecular_Function_2023,Regulatory RNA Binding (GO:0061980),4/42,3.916e-04,1.442e-02,12.943,101.546,PNPT1;TUT4;RC3H1;PUM1
DNA-RNA cross-attention,3,C3,165,GO_Molecular_Function_2023,mRNA Binding (GO:0003729),9/282,5.718e-04,1.805e-02,4.134,30.867,YTHDF2;RBM8A;ZNF638;PABPC4;TPR;RC3H1;HNRNPR;PUM1;EIF4G3
DNA-RNA cross-attention,3,C3,165,GO_Molecular_Function_2023,Cysteine-Type Peptidase Activity (GO:0008234),6/144,1.257e-03,3.007e-02,5.386,35.975,USP48;CAPN2;YOD1;UCHL5;RNF2;OTUD3
DNA-RNA cross-attention,3,C3,165,GO_Molecular_Function_2023,Cysteine-Type Deubiquitinase Activity (GO:0004843),5/98,1.317e-03,3.007e-02,6.634,43.997,USP48;YOD1;UCHL5;RNF2;OTUD3
DNA-RNA cross-attention,3,C3,165,GO_Molecular_Function_2023,Cadherin Binding (GO:0045296),9/319,1.361e-03,3.007e-02,3.634,23.981,SH3GLB1;RAB1A;MACF1;CAPZA1;PKN2;ENO1;FNBP1L;F11R;WASF2
DNA-RNA cross-attention,3,C3,165,GO_Molecular_Function_2023,Poly-Purine Tract Binding (GO:0070717),3/31,2.092e-03,4.202e-02,13.100,80.824,PNPT1;DDX1;PABPC4
DNA-RNA cross-attention,3,C3,165,GO_Molecular_Function_2023,Deubiquitinase Activity (GO:0101005),5/113,2.466e-03,4.542e-02,5.708,34.277,USP48;YOD1;UCHL5;RNF2;OTUD3
DNA-RNA cross-attention,3,C3,165,GO_Cellular_Component_2023,Nucleus (GO:0005634),82/4487,1.257e-14,1.822e-12,3.461,110.766,AHCTF1;KDM1A;HP1BP3;FHL3;ARID4B;HNRNPR;ADAR;ENO1;NOC2L;CDC73;XPO1;PAPOLG;MAGOH;UBAP2L;ZNF326;ZNF644;LBR;BCAS2;USP48;DFFA;ZNF281;PABPC4;CACYBP;ASH1L;ARID1A;ILF2;RSBN1;UCHL5;UHMK1;SFPQ;SYF2;PRPF3;ZNF638;PSME4;MTF2;SNRPG;DEPDC1;SNRNP27;SRSF4;BIRC6;DNAJC8;ATF3;SF3B4;MEAF6;RBM8A;HDAC1;DDX1;HTRA2;NOL9;RNF2;ZFP36L2;EXOSC10;RBBP4;LMNA;TPR;CAMTA1;GPBP1L1;SRSF10;TRMT1L;SF3A3;YTHDF2;SETDB1;TAF12;ATP5PB;EYA3;NEK7;TPRKB;RPA2;MACO1;HIPK1;YY1AP1;CDK11B;PNRC2;MAD2L2;SNRNP40;ADI1;PITHD1;REL;PKN2;LPIN1;TRIM33;OTUD3
DNA-RNA cross-attention,3,C3,165,GO_Cellular_Component_2023,Intracellular Membrane-Bounded Organelle (GO:0043231),87/5175,1.519e-13,1.101e-11,3.233,95.419,AHCTF1;KDM1A;HP1BP3;FHL3;ARID4B;HNRNPR;ADAR;ENO1;NOC2L;CDC73;XPO1;PAPOLG;MAGOH;UBAP2L;ZNF326;ZNF644;LBR;BCAS2;TMED5;USP48;DFFA;ZNF281;PABPC4;CACYBP;ASH1L;ARID1A;ILF2;RSBN1;UCHL5;UHMK1;AFTPH;SFPQ;SYF2;PRPF3;ZNF638;PSME4;MTF2;SNRPG;DEPDC1;SNRNP27;SRSF4;PPIH;BIRC6;DNAJC8;ATF3;FAM72B;SF3B4;MEAF6;RBM8A;HDAC1;SLC66A1;DDX1;HTRA2;NOL9;RNF2;ZFP36L2;EXOSC10;RBBP4;LMNA;TPR;CAMTA1;GPBP1L1;SRSF10;TRMT1L;SF3A3;YTHDF2;SETDB1;TAF12;ATP5PB;EYA3;NEK7;TPRKB;RPA2;MACO1;HIPK1;YY1AP1;CDK11B;PNRC2;MAD2L2;SNRNP40;ADI1;PITHD1;REL;PKN2;LPIN1;TRIM33;OTUD3
DNA-RNA cross-attention,3,C3,165,GO_Cellular_Component_2023,U2-type Spliceosomal Complex (GO:0005684),8/90,7.902e-07,3.819e-05,12.275,172.471,SF3B4;SF3A3;SNRNP40;RBM8A;SYF2;PRPF3;SNRPG;BCAS2
DNA-RNA cross-attention,3,C3,165,GO_Cellular_Component_2023,U4/U6 X U5 tri-snRNP Complex (GO:0046540),5/35,9.557e-06,3.197e-04,20.630,238.450,SNRNP40;PRPF3;SNRPG;SNRNP27;PPIH
DNA-RNA cross-attention,3,C3,165,GO_Cellular_Component_2023,Spliceosomal tri-snRNP Complex (GO:0097526),5/36,1.102e-05,3.197e-04,19.964,227.894,SNRNP40;PRPF3;SNRPG;SNRNP27;PPIH
DNA-RNA cross-attention,3,C3,165,GO_Cellular_Component_2023,Precatalytic Spliceosome (GO:0071011),5/52,6.833e-05,1.651e-03,13.157,126.190,SF3B4;SF3A3;PRPF38B;PRPF3;SNRPG
DNA-RNA cross-attention,3,C3,165,GO_Cellular_Component_2023,U2-type Catalytic Step 2 Spliceosome (GO:0071007),4/29,9.031e-05,1.859e-03,19.687,183.330,SNRNP40;SYF2;SNRPG;BCAS2
DNA-RNA cross-attention,3,C3,165,GO_Cellular_Component_2023,Spliceosomal snRNP Complex (GO:0097525),5/57,1.065e-04,1.859e-03,11.889,108.752,SF3B4;SF3A3;SNRNP40;SNRPG;PPIH
DNA-RNA cross-attention,3,C3,165,GO_Cellular_Component_2023,Nuclear Membrane (GO:0031965),9/227,1.154e-04,1.859e-03,5.192,47.071,AHCTF1;XPO1;WDR3;LMNA;TPR;MACO1;ENO1;LPIN1;LBR
DNA-RNA cross-attention,3,C3,165,GO_Cellular_Component_2023,Intracellular Non-Membrane-Bounded Organelle (GO:0043232),23/1195,1.298e-04,1.881e-03,2.579,23.084,MACF1;MEAF6;WDR3;TUT4;HP1BP3;HTRA2;NOL9;HNRNPR;ADAR;CDC42BPA;NOC2L;ILF2;CCSAP;YY1AP1;UCHL5;MAD2L2;EXOSC10;XPO1;CAPZA1;CAMTA1;KIF2C;EIF4G3;ATF3
DNA-RNA cross-attention,3,C3,165,GO_Cellular_Component_2023,Cytoplasmic Stress Granule (GO:0010494),5/76,4.143e-04,5.461e-03,8.699,67.755,YTHDF2;PABPC4;DDX1;RC3H1;PUM1
DNA-RNA cross-attention,3,C3,165,GO_Cellular_Component_2023,Sin3 Complex (GO:0016580),3/21,6.574e-04,7.333e-03,20.388,149.386,RBBP4;HDAC1;ARID4B
DNA-RNA cross-attention,3,C3,165,GO_Cellular_Component_2023,Sin3-type Complex (GO:0070822),3/21,6.574e-04,7.333e-03,20.388,149.386,RBBP4;HDAC1;ARID4B
DNA-RNA cross-attention,3,C3,165,GO_Cellular_Component_2023,U2-type Precatalytic Spliceosome (GO:0071005),4/49,7.087e-04,7.340e-03,10.926,79.237,SF3B4;SF3A3;PRPF3;SNRPG
DNA-RNA cross-attention,3,C3,165,GO_Cellular_Component_2023,U2 snRNP (GO:0005686),3/25,1.110e-03,1.073e-02,16.678,113.469,SF3B4;SF3A3;SNRPG
DNA-RNA cross-attention,3,C3,165,GO_Cellular_Component_2023,Nucleolus (GO:0005730),15/771,1.843e-03,1.670e-02,2.524,15.891,MEAF6;WDR3;TUT4;NOL9;HNRNPR;ADAR;NOC2L;ILF2;YY1AP1;UCHL5;MAD2L2;EXOSC10;XPO1;CAMTA1;ATF3
DNA-RNA cross-attention,3,C3,165,GO_Cellular_Component_2023,Nuclear Lumen (GO:0031981),15/780,2.061e-03,1.758e-02,2.493,15.417,MEAF6;WDR3;TUT4;NOL9;HNRNPR;ADAR;NOC2L;ILF2;YY1AP1;UCHL5;MAD2L2;EXOSC10;XPO1;CAMTA1;ATF3
DNA-RNA cross-attention,3,C3,165,GO_Cellular_Component_2023,P-body (GO:0000932),4/83,4.951e-03,3.988e-02,6.213,32.980,YTHDF2;RC3H1;PUM1;PNRC2
DNA-RNA cross-attention,3,C3,165,GO_Cellular_Component_2023,Endopeptidase Complex (GO:1905369),2/14,5.768e-03,4.402e-02,20.269,104.495,CFH;HTRA2
DNA-RNA cross-attention,3,C3,165,KEGG_2021_Human,Spliceosome,14/150,2.634e-11,3.872e-09,13.429,327.139,SF3B4;SF3A3;PRPF38B;RBM8A;SNRNP40;SYF2;PRPF3;MAGOH;SNRPG;SNRNP27;PPIH;SRSF4;SRSF10;BCAS2
DNA-RNA cross-attention,3,C3,165,KEGG_2021_Human,RNA transport,8/186,1.594e-04,1.172e-02,5.627,49.203,EIF2B4;EIF2B3;XPO1;RBM8A;PABPC4;MAGOH;TPR;EIF4G3
DNA-RNA cross-attention,3,C3,165,Reactome_2022,mRNA Splicing - Major Pathway R-HSA-72163,15/181,2.780e-11,1.511e-08,11.849,287.997,SF3B4;SF3A3;RBM8A;HNRNPR;SNRNP40;SYF2;PRPF3;MAGOH;SNRPG;SNRNP27;SRSF4;PPIH;DNAJC8;SRSF10;BCAS2
DNA-RNA cross-attention,3,C3,165,Reactome_2022,mRNA Splicing R-HSA-72172,15/189,5.157e-11,1.511e-08,11.299,267.661,SF3B4;SF3A3;RBM8A;HNRNPR;SNRNP40;SYF2;PRPF3;MAGOH;SNRPG;SNRNP27;SRSF4;PPIH;DNAJC8;SRSF10;BCAS2
DNA-RNA cross-attention,3,C3,165,Reactome_2022,Processing Of Capped Intron-Containing Pre-mRNA R-HSA-72203,16/242,1.766e-10,3.450e-08,9.317,209.235,SF3B4;SF3A3;RBM8A;HNRNPR;SNRNP40;SYF2;PRPF3;MAGOH;TPR;SNRPG;SNRNP27;SRSF4;PPIH;DNAJC8;SRSF10;BCAS2
DNA-RNA cross-attention,3,C3,165,Reactome_2022,Metabolism Of RNA R-HSA-8953854,25/666,2.393e-10,3.506e-08,5.347,118.455,SF3B4;RBM8A;DDX1;WDR3;TUT4;NOL9;HNRNPR;ADAR;EXOSC10;XPO1;MAGOH;TPR;SRSF10;BCAS2;SF3A3;PNRC2;SNRNP40;SYF2;PRPF3;PSME4;SNRPG;SNRNP27;SRSF4;PPIH;DNAJC8
DNA-RNA cross-attention,3,C3,165,Reactome_2022,"Cell Cycle, Mitotic R-HSA-69278",14/523,1.149e-04,1.347e-02,3.520,31.934,RAB1A;AHCTF1;HDAC1;RCC2;NEK7;CDK11B;XPO1;RBBP4;LMNA;PSME4;TPR;KIF2C;LPIN1;LBR
DNA-RNA cross-attention,3,C3,165,Reactome_2022,Chromatin Modifying Enzymes R-HSA-3247509,9/238,1.649e-04,1.610e-02,4.939,43.024,KDM1A;RBBP4;MEAF6;SETDB1;TAF12;HDAC1;ARID4B;ASH1L;ARID1A
DNA-RNA cross-attention,3,C3,165,Reactome_2022,M Phase R-HSA-68886,11/380,3.265e-04,2.733e-02,3.768,30.247,RAB1A;AHCTF1;XPO1;RCC2;LMNA;NEK7;PSME4;TPR;KIF2C;LPIN1;LBR
DNA-RNA cross-attention,3,C3,165,MSigDB_Hallmark_2020,G2-M Checkpoint,8/200,2.614e-04,9.148e-03,5.213,43.006,STIL;SFPQ;XPO1;MTF2;RPA2;KIF2C;LBR;SRSF10
DNA-RNA cross-attention,3,C3,165,MSigDB_Hallmark_2020,Myc Targets V1,7/200,1.383e-03,2.421e-02,4.509,29.683,XPO1;PABPC4;SNRPG;HNRNPR;CCT7;ILF2;CCT4
DNA-RNA cross-attention,5,,349,KEGG_2021_Human,Carbohydrate digestion and absorption,6/47,1.588e-04,3.463e-02,8.367,73.189,AMY2A;AMY1A;AMY1C;TAS1R2;ATP1A1;TAS1R3
DNA-RNA cross-attention,6,,419,Reactome_2022,Formation Of Cornified Envelope R-HSA-6809371,9/74,2.366e-05,1.978e-02,6.591,70.203,LCE2A;LCE5A;PKP1;LCE1F;SPRR1A;LCE1C;IVL;LCE2D;SPRR2D
DNA-RNA cross-attention,7,,457,MSigDB_Hallmark_2020,Glycolysis,16/200,1.536e-05,7.067e-04,3.817,42.309,B4GALT2;SLC35A3;MDH1;SDC3;AKR1A1;TGFA;SDHC;B3GALT6;CENPA;HK2;HS2ST1;UGP2;ARTN;STMN1;SDC1;ALDH9A1
DNA-RNA cross-attention,7,,457,MSigDB_Hallmark_2020,IL-2/STAT5 Signaling,14/199,2.041e-04,4.694e-03,3.307,28.098,RABGAP1L;CSF1;S100A1;TNFRSF9;RGS16;ODC1;HK2;SELP;SHE;SPRED2;UCK2;TNFRSF8;CD48;GALM
DNA-RNA cross-attention,7,,457,MSigDB_Hallmark_2020,E2F Targets,11/200,6.454e-03,4.957e-02,2.526,12.737,CDKN2C;RRM2;UBE2T;STMN1;ANP32E;USP1;AK2;CDCA8;CTPS1;SMC6;CKS1B
DNA-RNA cross-attention,7,,457,MSigDB_Hallmark_2020,Oxidative Phosphorylation,11/200,6.454e-03,4.957e-02,2.526,12.737,HADHA;COX7A2L;MDH1;MGST3;TIMM17A;MFN2;NDUFS2;SDHC;ACADM;SDHB;LRPPRC
DNA-RNA cross-attention,7,,457,MSigDB_Hallmark_2020,heme Metabolism,11/200,6.454e-03,4.957e-02,2.526,12.737,MGST3;SLC2A1;MBOAT2;SLC30A1;CTSE;YPEL5;GCLM;ERMAP;RHCE;RAP1GAP;RHD
DNA-RNA cross-attention,7,,457,MSigDB_Hallmark_2020,Protein Secretion,7/96,6.466e-03,4.957e-02,3.400,17.141,STX12;ARF1;RER1;ANP32E;KIF1B;VPS45;SCAMP3
RNA self-attention,0,,654,GO_Biological_Process_2023,Detection Of Chemical Stimulus Involved In Sensory Perception Of Smell (GO:0050911),21/139,5.029e-09,7.802e-06,5.406,103.296,OR10K2;OR2T27;OR6K6;OR2G6;OR6K2;OR6N2;OR2L3;OR10T2;OR6N1;OR2M2;OR10R2;OR2T8;OR2T34;OR2T35;OR2T10;OR2T11;OR2T5;OR2T4;OR10Z1;OR2T3;OR2AJ1
RNA self-attention,0,,654,GO_Biological_Process_2023,Detection Of Chemical Stimulus Involved In Sensory Perception (GO:0050907),21/141,6.540e-09,7.802e-06,5.315,100.168,OR10K2;OR2T27;OR6K6;OR2G6;OR6K2;OR6N2;OR2L3;OR10T2;OR6N1;OR2M2;OR10R2;OR2T8;OR2T34;OR2T35;OR2T10;OR2T11;OR2T5;OR2T4;OR10Z1;OR2T3;OR2AJ1
RNA self-attention,0,,654,GO_Biological_Process_2023,Sensory Perception Of Smell (GO:0007608),21/230,2.344e-05,1.864e-02,3.038,32.385,OR10K2;OR2T27;OR6K6;OR2G6;OR6K2;OR6N2;OR2L3;OR10T2;OR6N1;OR2M2;OR10R2;OR2T8;OR2T34;OR2T35;OR2T10;OR2T11;OR2T5;OR10Z1;OR2T4;OR2T3;OR2AJ1
RNA self-attention,0,,654,GO_Biological_Process_2023,Regulation Of Cardiac Muscle Contraction By Calcium Ion Signaling (GO:0010882),6/20,3.128e-05,1.866e-02,12.786,132.618,RYR2;GSTM2;FKBP1B;CASQ2;ATP1B1;SLC9A1
RNA self-attention,0,,654,Reactome_2022,Formation Of Cornified Envelope R-HSA-6809371,11/74,2.701e-05,2.352e-02,5.236,55.081,LCE1A;FLG;LCE1B;LCE4A;TCHH;LCE1E;LCE1F;SPRR1A;LCE1C;IVL;SPRR2D
RNA self-attention,1,C1,679,GO_Biological_Process_2023,mRNA Catabolic Process (GO:0006402),10/43,1.324e-06,3.207e-03,8.737,118.248,NBAS;EXOSC10;PNPT1;YTHDF2;AGO3;THRAP3;TUT4;MRTO4;RC3H1;ZFP36L2
RNA self-attention,1,C1,679,GO_Biological_Process_2023,Ribonucleoprotein Complex Biogenesis (GO:0022613),16/118,2.433e-06,3.207e-03,4.547,58.777,RPL5;RPS7;UTP11;RPS8;PNO1;WDR3;HEATR1;RPL11;NOC2L;WDR43;EBNA1BP2;RPS27;XPO1;EXOSC10;MRTO4;MPHOSPH10
RNA self-attention,1,C1,679,GO_Biological_Process_2023,"mRNA Splicing, Via Spliceosome (GO:0000398)",21/211,1.106e-05,7.503e-03,3.213,36.672,SF3B4;SF3A3;PRPF38A;RBM8A;SF3B6;DDX1;WDR77;GCFC2;SFPQ;SCNM1;SYF2;PRPF3;SDE2;SNRPG;RSRP1;PPIE;SNRNP27;GEMIN6;PPIH;SNRPE;BCAS2
RNA self-attention,1,C1,679,GO_Biological_Process_2023,mRNA Destabilization (GO:0061157),9/43,1.138e-05,7.503e-03,7.620,86.740,MOV10;YTHDF2;AGO3;ROCK2;TUT4;RC3H1;PUM1;TARDBP;ZFP36L2
RNA self-attention,1,C1,679,GO_Biological_Process_2023,Nucleobase-Containing Small Molecule Interconversion (GO:0015949),4/7,4.247e-05,1.981e-02,38.159,384.137,GUK1;AK2;CMPK1;AK4
RNA self-attention,1,C1,679,GO_Biological_Process_2023,protein-RNA Complex Assembly (GO:0022618),16/150,5.246e-05,1.981e-02,3.455,34.055,RPL5;DDX1;RPL11;ADAR;CDC73;WDR77;GCFC2;RPS27;AGO3;EIF3I;SNRPG;RSRP1;EIF2D;GEMIN6;SNRPE;KHDC4
RNA self-attention,1,C1,679,GO_Biological_Process_2023,Regulation Of RNA Metabolic Process (GO:0051252),12/91,5.776e-05,1.981e-02,4.382,42.766,YTHDF2;TAF12;ZNF638;RC3H1;ZNF326;CCNL2;TNFRSF1B;HNRNPLL;PRDX6;METTL18;SUPT7L;CLK2
RNA self-attention,1,C1,679,GO_Biological_Process_2023,Protein Localization To Vacuole (GO:0072665),5/14,6.894e-05,1.981e-02,15.918,152.534,SH3GLB1;SZT2;GLMP;RTN4;LAMTOR5
RNA self-attention,1,C1,679,GO_Biological_Process_2023,Ribosome Biogenesis (GO:0042254),16/155,7.794e-05,1.981e-02,3.330,31.503,RPL5;RPS7;UTP11;RPS8;PNO1;WDR3;HEATR1;RPL11;NOC2L;WDR43;EBNA1BP2;RPS27;XPO1;EXOSC10;MRTO4;MPHOSPH10
RNA self-attention,1,C1,679,GO_Biological_Process_2023,Gene Expression (GO:0010467),24/296,7.971e-05,1.981e-02,2.566,24.217,RPL5;MRPS15;RNASEL;CHTOP;RPS7;RBM8A;NUP133;MRPS14;RPS8;GALNT2;PABPC4;RPL22;RPL11;MRPS21;NOL9;ADAR;MRPL37;MRPL24;RPS27;XPO1;EXOSC10;MPHOSPH10;MRPL9;RPS27A
RNA self-attention,1,C1,679,GO_Biological_Process_2023,Negative Regulation Of Ubiquitin Protein Ligase Activity (GO:1904667),4/8,8.265e-05,1.981e-02,28.618,269.032,MAD2L2;RPL5;RPS7;RPL11
RNA self-attention,1,C1,679,GO_Biological_Process_2023,Golgi Vesicle Transport (GO:0048193),18/197,1.396e-04,2.346e-02,2.912,25.850,TRAPPC3;RAB1A;NBAS;COPA;PEF1;YIPF4;ATL2;COG2;MIA3;KLHL12;SCAMP3;NRBP1;RER1;RAB13;PREB;SEC22B;TMED5;CNIH4
RNA self-attention,1,C1,679,GO_Biological_Process_2023,Regulation Of mRNA Catabolic Process (GO:0061013),8/46,1.411e-04,2.346e-02,6.050,53.641,MOV10;PNPT1;YTHDF2;RBM8A;SERBP1;RC3H1;PUM1;ZFP36L2
RNA self-attention,1,C1,679,GO_Biological_Process_2023,Regulation Of Stem Cell Proliferation (GO:0072091),5/16,1.421e-04,2.346e-02,13.023,115.364,PTPRC;KDM1A;AGO3;EPCAM;EIF2AK2
RNA self-attention,1,C1,679,GO_Biological_Process_2023,Endoplasmic Reticulum To Golgi Vesicle-Mediated Transport (GO:0006888),13/115,1.443e-04,2.346e-02,3.678,32.527,TRAPPC3;RAB1A;COPA;PEF1;YIPF4;ATL2;KLHL12;MIA3;NRBP1;PREB;SEC22B;CNIH4;TMED5
RNA self-attention,1,C1,679,GO_Biological_Process_2023,Regulation Of Complement Activation (GO:0030449),4/9,1.448e-04,2.346e-02,22.893,202.382,CFH;CR1L;SUSD4;CD55
RNA self-attention,1,C1,679,GO_Biological_Process_2023,Translation (GO:0006412),20/234,1.519e-04,2.346e-02,2.710,23.824,RPL5;MRPS15;RPS7;MRPS14;RPS8;PABPC4;RPL22;MRPL19;RPL11;MRPS21;MRPL37;MRPL24;MRPL33;WARS2;RPS27;IARS2;MRPL9;AURKAIP1;RPS27A;DAP3
RNA self-attention,1,C1,679,GO_Biological_Process_2023,rRNA Processing (GO:0006364),12/101,1.604e-04,2.346e-02,3.888,33.971,RPL5;EBNA1BP2;RPS27;EXOSC10;RPS7;WDR3;MRTO4;C1D;RPL11;MPHOSPH10;NOL9;RRP15
RNA self-attention,1,C1,679,GO_Biological_Process_2023,RNA Processing (GO:0006396),17/183,1.737e-04,2.346e-02,2.963,25.656,SF3B4;SF3A3;RNASEL;RBM8A;TUT4;PABPC4;ADAR;NOL9;FBXO11;SFPQ;SCNM1;EXOSC10;PRPF3;SNRPG;MPHOSPH10;TARDBP;BCAS2
RNA self-attention,1,C1,679,GO_Biological_Process_2023,COPII-coated Vesicle Budding (GO:0090114),7/36,1.782e-04,2.346e-02,6.930,59.821,RAB1A;TRAPPC3;PEF1;SH2D2A;KLHL12;MIA3;PREB
RNA self-attention,1,C1,679,GO_Biological_Process_2023,Mitochondrial Gene Expression (GO:0140053),12/103,1.934e-04,2.346e-02,3.802,32.508,MRPS15;MRPS14;MRPL19;MRPS21;IARS2;MRPL37;MRPL9;TFB2M;MRPL24;SLC25A33;DAP3;MRPL33
RNA self-attention,1,C1,679,GO_Biological_Process_2023,Negative Regulation Of Ubiquitin-Protein Transferase Activity (GO:0051444),5/17,1.958e-04,2.346e-02,11.937,101.924,MAD2L2;RPL5;RPS7;RPL11;PARK7
RNA self-attention,1,C1,679,GO_Biological_Process_2023,Regulation Of Cellular Component Organization (GO:0051128),15/153,2.292e-04,2.533e-02,3.140,26.318,RAB4A;CDK11A;MEAF6;ROCK2;KIF14;PARK7;ATAD3A;CDK11B;RNF2;MTOR;MAD2L2;RAP1A;SNX17;LAMTOR2;CCNL2
RNA self-attention,1,C1,679,GO_Biological_Process_2023,Spliceosomal Complex Assembly (GO:0000245),9/62,2.306e-04,2.533e-02,4.883,40.897,SF3B4;SF3A3;GCFC2;DDX1;SF3B6;SNRPG;RSRP1;SNRPE;KHDC4
RNA self-attention,1,C1,679,GO_Biological_Process_2023,Regulation Of Cell Growth (GO:0001558),19/227,2.875e-04,3.032e-02,2.645,21.570,CDK11A;CDKN2C;MEAF6;KIF14;ENO1;ATAD3A;CDK11B;RTN4;RNF2;MTOR;MAD2L2;ST7L;CDC42;ADAM15;RPS6KA1;SESN2;PPT1;LAMTOR2;SLC25A33
RNA self-attention,1,C1,679,GO_Biological_Process_2023,mRNA Processing (GO:0006397),18/214,3.878e-04,3.932e-02,2.657,20.872,SF3B4;SF3A3;PRPF38A;RBM8A;SF3B6;CPSF3;FBXO11;GCFC2;SFPQ;SYF2;PRPF3;SNRPG;PPIE;SNRNP27;GEMIN6;PPIH;SNRPE;BCAS2
RNA self-attention,1,C1,679,GO_Biological_Process_2023,Mitochondrion Organization (GO:0007005),15/162,4.253e-04,4.152e-02,2.947,22.873,PNPT1;PARP1;MTX1;VPS13D;MTFR1L;PARK7;ATAD3B;TOMM20;ATAD3A;ATAD3C;MSTO1;MFN2;MPV17;SLC25A33;MCL1
RNA self-attention,1,C1,679,GO_Biological_Process_2023,Regulation Of Cell Cycle Process (GO:0010564),13/130,4.860e-04,4.446e-02,3.204,24.443,SH3GLB1;AHCTF1;YTHDF2;KLHL21;PUM1;ARID1A;CDC42;RCC1;NEK2;KIF2C;CCNL2;CEP85;CALM2
RNA self-attention,1,C1,679,GO_Biological_Process_2023,Mitochondrial Translation (GO:0032543),11/98,4.892e-04,4.446e-02,3.641,27.751,MRPS15;MRPS14;MRPL19;MRPS21;MTIF2;IARS2;MRPL37;MRPL9;MRPL24;DAP3;MRPL33
RNA self-attention,1,C1,679,GO_Biological_Process_2023,Ribosomal Small Subunit Biogenesis (GO:0042274),10/84,5.466e-04,4.803e-02,3.888,29.204,EXOSC10;RPS27;RPS7;UTP11;RPS8;PNO1;WDR3;HEATR1;MPHOSPH10;WDR43
RNA self-attention,1,C1,679,GO_Molecular_Function_2023,RNA Binding (GO:0003723),110/1411,1.112e-16,5.362e-14,2.678,98.364,RPL5;SLC4A1AP;KDM1A;RTCA;GPATCH4;ENO1;PARK7;NOC2L;LSM10;ZNF326;UBAP2L;RPS7;RPS8;RPL22;RC3H1;ILF2;EBNA1BP2;PRPF3;MRTO4;SNRPG;PPIE;SUCLG1;DAP3;KHDRBS1;UTP25;RBM8A;PEF1;DDX1;MRPL19;ISG20L2;C1ORF52;HNRNPLL;ZFP36L2;RTN4;RNASEH1;PRDX1;PCBP1;ERI3;KHDC4;TRMT1L;TOE1;FDPS;PRPF38B;JUN;CHTOP;TIA1;PRPF38A;PNPT1;PNO1;RCC2;CPSF3;PRRC2C;EIF2AK2;PUM1;MOV10;YRDC;RPS27;AGO3;FUBP1;MPHOSPH10;EIF4G3;MRPS15;MRPS14;TUT4;WDR3;ADAR;MRPL37;YBX1;ZCCHC17;WDR43;MRPL9;RBM34;LBR;COA6;LRRC47;RBM15;PARP1;UTP11;PABPC4;MRPS21;TFB2M;TRNAU1AP;GNL2;SRP9;HADHB;SFPQ;SYF2;THRAP3;ZNF638;C1D;SDE2;SF3B4;RNASEL;ROCK2;SF3B6;RPL11;HEATR1;MTIF2;EXOSC10;IFI16;RPS27A;CCT4;SF3A3;TSNAX;YTHDF2;CDK11B;EIF3I;SERBP1;FAM98A;TARDBP
RNA self-attention,1,C1,679,GO_Molecular_Function_2023,mRNA Binding (GO:0003729),23/282,1.021e-04,2.460e-02,2.580,23.714,RPL5;KHDRBS1;CHTOP;TIA1;SLC4A1AP;YTHDF2;RBM15;RPS7;RBM8A;PABPC4;SF3B6;RC3H1;PARK7;HNRNPLL;PUM1;CRYZ;PCBP1;FUBP1;ZNF638;SERBP1;PPIE;TARDBP;EIF4G3
RNA self-attention,1,C1,679,GO_Molecular_Function_2023,Ubiquitin Protein Ligase Binding (GO:0031625),22/271,1.533e-04,2.463e-02,2.565,22.527,RPL5;JUN;FANCL;RPL11;RPA2;YOD1;ISG15;SMC6;BCL10;AUP1;UBE2J2;TNFRSF1B;PRDX6;SCAMP3;RTN4;UBE2T;MFN2;NDUFS2;RPS27A;IKBKE;BLZF1;JAK1
RNA self-attention,1,C1,679,GO_Molecular_Function_2023,miRNA Binding (GO:0035198),6/29,3.647e-04,3.642e-02,7.480,59.217,PNPT1;AGO3;TUT4;RC3H1;YBX1;PUM1
RNA self-attention,1,C1,679,GO_Molecular_Function_2023,Ubiquitin-Like Protein Ligase Binding (GO:0044389),22/289,3.778e-04,3.642e-02,2.390,18.833,RPL5;JUN;FANCL;RPL11;RPA2;YOD1;ISG15;SMC6;BCL10;AUP1;UBE2J2;TNFRSF1B;PRDX6;SCAMP3;RTN4;UBE2T;MFN2;NDUFS2;RPS27A;IKBKE;BLZF1;JAK1
RNA self-attention,1,C1,679,GO_Molecular_Function_2023,Poly-Purine Tract Binding (GO:0070717),6/31,5.336e-04,4.287e-02,6.881,51.855,KHDRBS1;TIA1;PNPT1;DDX1;PABPC4;PPIE
RNA self-attention,1,C1,679,GO_Molecular_Function_2023,acetyl-CoA C-acyltransferase Activity (GO:0003988),3/6,7.216e-04,4.969e-02,28.577,206.728,HADHB;HADHA;SCP2
RNA self-attention,1,C1,679,GO_Cellular_Component_2023,Intracellular Membrane-Bounded Organelle (GO:0043231),255/5175,6.538e-12,1.746e-09,1.760,45.335,RPL5;SLC4A1AP;RTCA;DCAF8;ENO1;SMC6;NOC2L;NFU1;CNST;SCP2;RASSF5;RCC1;UBAP2L;CCNL2;IER5;ZNF281;RPL22;MED8;SCAMP3;WDR77;UHMK1;PSME4;PREB;TSPYL6;AURKAIP1;ATF3;BLZF1;MEAF6;MGST3;MRPL19;PEX11B;BCL10;UBE2J2;HNRNPLL;DGUOK;PRDX1;PCBP1;S100A13;TP53BP2;PUSL1;S100A11;TRMT1L;JUN;RABGAP1L;PRPF38A;IRF2BP2;CDC7;PRDX6;PBX1;MOV10;RPS27;ADI1;FUBP1;PPT1;REL;SPRTN;ID3;CALM2;RNF220;INTS11;DENND1B;BTG2;AHCTF1;ZBTB8OS;MIA3;MED18;XPO1;PEA15;QSOX1;ACADM;IKBKE;TMED5;JAK1;DFFA;PARP1;ANXA4;PABPC4;AGTRAP;CACYBP;ASH1L;PROX1;GNL2;LRRC41;PSMA5;RNF144A;GCFC2;AFTPH;SCNM1;TAL1;TET3;DEPDC1;SDE2;MAPRE3;SF3B4;MYCBP;SLC66A1;SF3B6;NOL9;CENPA;PSMB4;EXOSC10;PSMB2;USP1;GPBP1L1;CHML;NCDN;RPS27A;EPS15;SF3A3;TSNAX;YTHDF2;CDKN2C;SLC16A1;ATP5PB;YIPF4;NFYC;RPA2;HIPK1;AGBL5;MAD2L2;PER3;NFIA;SNX17;SERBP1;TARDBP;YPEL5;CRTC2;KDM1A;GTF2B;ARID4B;PARK7;PPP1CB;MPC2;ZNF326;NEK2;RPS7;RPS8;VRK2;PGD;ILF2;FBXO11;SUPT7L;MSH2;PRPF3;S100A6;SNRPG;CMPK1;SNRNP27;PPIE;SNRPE;PPIH;STAMBP;ZNF672;KHDRBS1;RBM8A;DDX1;ISG20L2;HTRA2;KLHL12;PMF1;ZFP36L2;CAMTA1;KHDC4;SMYD3;MCL1;OSBPL9;CHTOP;TIA1;AKIRIN1;POU2F1;FANCL;POLR3GL;NEK7;GLMP;DHCR24;MACO1;ISG15;ARPC5;CLK2;MOB1A;SCCPDH;GON4L;NASP;UBE2T;RSRP1;PHF13;MDM4;RNF187;B4GALT2;RERE;AQP10;FHL3;DPY30;ADAR;YBX1;MYSM1;ATRAID;CDC73;VPS72;EXO1;LBR;BCAS2;METTL18;KLF11;ACTR2;RBM15;CAD;PPP2R5A;TRNAU1AP;GLRX2;ETV3;ARID1A;TENT5C;DDOST;PPM1B;SFPQ;SYF2;DNAJC6;THRAP3;ZNF638;C1D;ITGB1BP1;TMEM9;AHDC1;FAM72B;ITGB3BP;HDAC1;PRCC;RNF2;PPM1G;UGP2;RBBP4;IFI16;RBBP5;MKNK1;DRAM2;S100PBP;HES4;CDK11A;TAF12;EYA3;SWT1;TPRKB;PDE4DIP;YY1AP1;CDK11B;MTOR;POLE4;PITHD1;FAM98A;KCNK1;LPIN1;SSBP3;TRIM33;OTUD3
RNA self-attention,1,C1,679,GO_Cellular_Component_2023,Nucleus (GO:0005634),222/4487,2.697e-10,3.601e-08,1.715,37.784,RPL5;RTCA;DCAF8;ENO1;SMC6;NOC2L;NFU1;RASSF5;RCC1;UBAP2L;CCNL2;IER5;ZNF281;RPL22;MED8;WDR77;UHMK1;PSME4;PREB;TSPYL6;AURKAIP1;ATF3;BLZF1;MEAF6;MRPL19;BCL10;UBE2J2;HNRNPLL;DGUOK;PRDX1;PCBP1;S100A13;TP53BP2;S100A11;TRMT1L;JUN;RABGAP1L;PRPF38A;IRF2BP2;CDC7;PRDX6;PBX1;MOV10;RPS27;ADI1;FUBP1;PPT1;REL;SPRTN;ID3;CALM2;RNF220;INTS11;BTG2;AHCTF1;ZBTB8OS;MED18;XPO1;ACADM;IKBKE;JAK1;DFFA;PARP1;ANXA4;PABPC4;CACYBP;ASH1L;PROX1;GNL2;LRRC41;PSMA5;GCFC2;SCNM1;TAL1;TET3;DEPDC1;SDE2;MAPRE3;SF3B4;MYCBP;SF3B6;NOL9;CENPA;PSMB4;EXOSC10;PSMB2;USP1;GPBP1L1;CHML;NCDN;RPS27A;SF3A3;TSNAX;YTHDF2;CDKN2C;ATP5PB;NFYC;RPA2;HIPK1;AGBL5;MAD2L2;PER3;NFIA;SERBP1;TARDBP;YPEL5;CRTC2;KDM1A;GTF2B;ARID4B;PARK7;PPP1CB;MPC2;ZNF326;NEK2;RPS7;RPS8;VRK2;PGD;ILF2;FBXO11;SUPT7L;MSH2;PRPF3;S100A6;SNRPG;CMPK1;SNRNP27;PPIE;SNRPE;STAMBP;ZNF672;KHDRBS1;RBM8A;DDX1;ISG20L2;HTRA2;ZFP36L2;CAMTA1;KHDC4;SMYD3;MCL1;CHTOP;TIA1;AKIRIN1;POU2F1;FANCL;POLR3GL;NEK7;GLMP;DHCR24;MACO1;ISG15;ARPC5;CLK2;MOB1A;SCCPDH;GON4L;NASP;UBE2T;RSRP1;PHF13;MDM4;RNF187;RERE;FHL3;DPY30;ADAR;YBX1;MYSM1;CDC73;VPS72;EXO1;LBR;BCAS2;METTL18;KLF11;ACTR2;RBM15;CAD;PPP2R5A;TRNAU1AP;GLRX2;ETV3;ARID1A;TENT5C;PPM1B;SFPQ;SYF2;THRAP3;ZNF638;C1D;ITGB1BP1;AHDC1;ITGB3BP;HDAC1;PRCC;RNF2;PPM1G;UGP2;RBBP4;IFI16;RBBP5;MKNK1;S100PBP;HES4;CDK11A;TAF12;EYA3;SWT1;TPRKB;PDE4DIP;YY1AP1;CDK11B;MTOR;POLE4;PITHD1;FAM98A;LPIN1;SSBP3;TRIM33;OTUD3
RNA self-attention,1,C1,679,GO_Cellular_Component_2023,Intracellular Non-Membrane-Bounded Organelle (GO:0043232),75/1195,1.890e-07,1.682e-05,2.018,31.241,RPL5;ZNF692;MRPS15;TUT4;GTF2B;WDR3;GPATCH4;ADAR;AUP1;NOC2L;MYSM1;WDR43;CDC14A;XPO1;CAPZB;RCC1;RBM34;IER5;METTL18;NUDC;RPS7;PARP1;UTP11;TPM3;ACTN2;GNL2;CCSAP;ILF2;FBXO11;GCFC2;EBNA1BP2;PPM1B;PREPL;MRTO4;C1D;CMPK1;JTB;KIF2C;ITGB1BP1;ARHGEF2;LDAH;ATF3;UTP25;ZNF593;MEAF6;ROCK2;EPB41;RPL11;HEATR1;GNAI3;CDCA8;HTRA2;NOL9;FAAP20;ADD2;SELENBP1;EXOSC10;IFI16;RBBP5;S100A13;CAMTA1;RPS27A;KIAA0319L;PNO1;EIF2AK2;CDC42BPA;YY1AP1;MAD2L2;SCCPDH;RPS27;UBE2T;MPHOSPH10;CEP85;TARDBP;EIF4G3
RNA self-attention,1,C1,679,GO_Cellular_Component_2023,Small-Subunit Processome (GO:0032040),12/73,5.870e-06,3.343e-04,5.680,68.424,UTP25;EXOSC10;RPS27;RPS7;UTP11;RPS8;PNO1;WDR3;HEATR1;MPHOSPH10;RPS27A;WDR43
RNA self-attention,1,C1,679,GO_Cellular_Component_2023,Nuclear Lumen (GO:0031981),51/780,6.261e-06,3.343e-04,2.071,24.815,RPL5;ZNF692;MRPS15;TUT4;WDR3;GPATCH4;ADAR;NOC2L;MYSM1;WDR43;CDC14A;XPO1;RBM34;IER5;METTL18;RPS7;PARP1;UTP11;GNL2;ILF2;FBXO11;GCFC2;EBNA1BP2;PPM1B;MRTO4;C1D;CMPK1;ATF3;UTP25;ZNF593;MEAF6;RPL11;HEATR1;GNAI3;CDCA8;NOL9;SELENBP1;EXOSC10;IFI16;RBBP5;S100A13;CAMTA1;RPS27A;KIAA0319L;JUN;PNO1;YY1AP1;MAD2L2;UBE2T;MPHOSPH10;CEP85
RNA self-attention,1,C1,679,GO_Cellular_Component_2023,Nucleolus (GO:0005730),50/771,9.653e-06,4.296e-04,2.051,23.682,RPL5;ZNF692;MRPS15;TUT4;WDR3;GPATCH4;ADAR;NOC2L;MYSM1;WDR43;CDC14A;XPO1;RBM34;IER5;METTL18;RPS7;PARP1;UTP11;GNL2;ILF2;FBXO11;GCFC2;EBNA1BP2;PPM1B;MRTO4;C1D;CMPK1;ATF3;UTP25;ZNF593;MEAF6;RPL11;HEATR1;GNAI3;CDCA8;NOL9;SELENBP1;EXOSC10;IFI16;RBBP5;S100A13;CAMTA1;RPS27A;KIAA0319L;PNO1;YY1AP1;MAD2L2;UBE2T;MPHOSPH10;CEP85
RNA self-attention,1,C1,679,GO_Cellular_Component_2023,U2-type Spliceosomal Complex (GO:0005684),12/90,5.171e-05,1.972e-03,4.438,43.807,SF3B4;SF3A3;GCFC2;PRPF38A;RBM8A;SYF2;PRPF3;SF3B6;SNRPG;PPIE;SNRPE;BCAS2
RNA self-attention,1,C1,679,GO_Cellular_Component_2023,Precatalytic Spliceosome (GO:0071011),8/52,3.402e-04,1.135e-02,5.223,41.714,SF3B4;SF3A3;PRPF38B;PRPF38A;PRPF3;SF3B6;SNRPG;SNRPE
RNA self-attention,1,C1,679,GO_Cellular_Component_2023,U2 snRNP (GO:0005686),5/25,1.342e-03,3.982e-02,7.159,47.347,SF3B4;SF3A3;SF3B6;SNRPG;SNRPE
RNA self-attention,1,C1,679,GO_Cellular_Component_2023,Mitochondrial Membrane (GO:0031966),32/540,1.718e-03,4.586e-02,1.832,11.662,MRPS15;MRPS14;MRPL19;MRPL37;TOMM20;UQCRH;MRPL33;MSTO1;MPC2;MFN2;MPV17;MRPL9;ACADM;RPS27A;IKBKE;MCL1;MTX1;ATP5PB;MRPS21;SDHC;VRK2;MRPL24;ATAD3A;SDHB;HADHB;HADHA;NDUFS5;AURKAIP1;LPIN1;SLC25A33;DAP3;COX20
RNA self-attention,1,C1,679,KEGG_2021_Human,Spliceosome,15/150,1.843e-04,3.287e-02,3.211,27.608,SF3B4;SF3A3;PRPF38B;PRPF38A;RBM8A;SF3B6;SYF2;PRPF3;PCBP1;SNRPG;PPIE;SNRNP27;PPIH;SNRPE;BCAS2
RNA self-attention,1,C1,679,KEGG_2021_Human,Fatty acid elongation,6/27,2.408e-04,3.287e-02,8.194,68.265,HADHB;ELOVL1;HADHA;ACOT7;PPT1;THEM4
RNA self-attention,1,C1,679,Reactome_2022,Metabolism Of RNA R-HSA-8953854,57/666,1.486e-10,1.728e-07,2.816,63.719,RPL5;TSEN15;TUT4;WDR3;ZBTB8OS;ADAR;YBX1;WDR43;LSM10;XPO1;BCAS2;NDC1;NSUN4;RPS7;NUP133;UTP11;RPS8;TYW3;RPL22;WDR77;PSMA5;GCFC2;EBNA1BP2;SYF2;PRPF3;PSME4;C1D;SNRPG;SNRNP27;PPIE;SNRPE;GEMIN6;PPIH;SF3B4;UTP25;RBM8A;SF3B6;DDX1;RPL11;PRCC;HEATR1;ISG20L2;NOL9;LIN9;PSMB4;EXOSC10;PSMB2;PCBP1;RPS27A;SF3A3;CHTOP;PRPF38A;PNO1;CPSF3;TRIT1;RPS27;MPHOSPH10
RNA self-attention,1,C1,679,Reactome_2022,Metabolism Of Proteins R-HSA-392499,106/1890,1.472e-07,8.557e-05,1.818,28.608,RPL5;ERO1B;CSF1;DCAF8;SMC6;PARK7;TTF2;TOMM20;PIAS3;SLC30A6;RPS7;RPS8;RPL22;COG2;MOGS;YOD1;FBXO11;PDIA6;DHDDS;DPM3;PSME4;TARS2;PREB;STAMBP;AURKAIP1;COPA;MRPL19;CDCA8;UAP1;BCL10;UBE2J2;LTBP1;SPTA1;APH1A;DPH2;SOCS5;B3GALNT2;EDEM3;TRAPPC3;EIF2B4;EIF2B3;RAB4A;GFPT1;KLHL21;MRPL24;RPS27;UBE2T;GNB1;MDM4;B4GALT2;MCFD2;MRPS15;MRPS14;MIA3;MRPL37;MYSM1;CDC73;MRPL33;CAPZB;ADAMTSL4;MAN1A2;QSOX1;MRPL9;IKBKE;NDC1;CD52;EXOC8;PARP1;NUP133;SSR2;MRPS21;POMGNT1;LRRC41;DDOST;PIGC;PSMA5;RNF144A;PIGK;SEC22B;PIGF;DTL;RAB1A;HDAC1;RPL11;MTIF2;RNF2;PSMB4;GNG5;PSMB2;RBBP5;SVBP;IARS2;CHML;RPS27A;CCT7;CD55;CCT4;GALNT2;PEX13;WARS2;AGBL5;RAB10;AGBL4;EIF3I;RAB13;OTUD3
RNA self-attention,1,C1,679,Reactome_2022,"Cell Cycle, Mitotic R-HSA-69278",39/523,4.033e-06,1.424e-03,2.372,29.458,RAB1A;AHCTF1;HDAC1;CDCA8;LIN9;CENPA;CDC14A;PPP1CB;PSMB4;XPO1;PSMB2;RBBP4;ENSA;NUF2;RCC1;NEK2;RPS27A;LBR;NDC1;NUDC;CDK11A;CDKN2C;RRM2;NUP133;RCC2;NEK7;PPP2R5A;CDC7;VRK2;CDK11B;EML4;PSMA5;POLE4;RPS27;PSME4;KIF2C;LPIN1;BLZF1;ITGB3BP
RNA self-attention,1,C1,679,Reactome_2022,EML4 And NUDC In Mitotic Spindle Formation R-HSA-9648025,14/97,4.896e-06,1.424e-03,4.880,59.664,AHCTF1;NUDC;NUP133;RCC2;NEK7;CDCA8;PPP2R5A;CENPA;EML4;RPS27;XPO1;NUF2;KIF2C;ITGB3BP
RNA self-attention,1,C1,679,Reactome_2022,"Signaling By Rho GTPases, Miro GTPases And RHOBTB3 R-HSA-9716542",45/660,7.780e-06,1.810e-03,2.159,25.397,AHCTF1;KDM1A;ROCK2;KIF14;CDCA8;MTR;FNBP1L;CENPA;PPP1CB;CDC42;XPO1;CAPZB;YWHAQ;VPS72;NUF2;EFHD2;MFN2;CCT7;LBR;WASF2;ACTR2;PRPF38B;NUDC;RBM15;MTX1;NUP133;KIDINS220;TPM3;RCC2;ARHGAP29;PPP2R5A;MACO1;VRK2;ARPC5;KCTD3;CDC42BPA;LRRC41;DHDDS;RPS27;UBXN11;KIF2C;ARHGEF2;SOS1;RHOQ;ITGB3BP
RNA self-attention,1,C1,679,Reactome_2022,Major Pathway Of rRNA Processing In Nucleolus And Cytosol R-HSA-6791226,19/179,1.153e-05,2.006e-03,3.448,39.201,RPL5;UTP25;RPS7;UTP11;RPS8;PNO1;WDR3;RPL22;HEATR1;RPL11;ISG20L2;NOL9;WDR43;EBNA1BP2;RPS27;EXOSC10;C1D;MPHOSPH10;RPS27A
RNA self-attention,1,C1,679,Reactome_2022,Translation R-HSA-72766,25/281,1.207e-05,2.006e-03,2.847,32.239,RPL5;MRPS15;MRPS14;MRPL19;RPL11;MTIF2;MRPL37;MRPL33;IARS2;MRPL9;RPS27A;EIF2B4;EIF2B3;RPS7;RPS8;SSR2;RPL22;MRPS21;MRPL24;DDOST;WARS2;RPS27;EIF3I;TARS2;AURKAIP1
RNA self-attention,1,C1,679,Reactome_2022,rRNA Processing R-HSA-72312,20/199,1.543e-05,2.168e-03,3.245,35.958,RPL5;UTP25;NSUN4;RPS7;UTP11;PNO1;RPS8;WDR3;RPL22;HEATR1;RPL11;ISG20L2;NOL9;WDR43;EBNA1BP2;RPS27;EXOSC10;C1D;MPHOSPH10;RPS27A
RNA self-attention,1,C1,679,Reactome_2022,RHO GTPase Effectors R-HSA-195258,24/269,1.713e-05,2.168e-03,2.853,31.309,ACTR2;AHCTF1;NUDC;KDM1A;NUP133;ROCK2;RCC2;KIF14;CDCA8;PPP2R5A;ARPC5;CENPA;DHDDS;PPP1CB;CDC42;RPS27;XPO1;YWHAQ;VPS72;NUF2;KIF2C;WASF2;RHOQ;ITGB3BP
RNA self-attention,1,C1,679,Reactome_2022,PTEN Regulation R-HSA-6807070,16/139,2.045e-05,2.168e-03,3.767,40.671,JUN;KDM1A;HDAC1;RNF2;MTOR;PSMA5;MOV10;PSMB4;AGO3;PSMB2;RBBP4;PSME4;LAMTOR2;RPS27A;LAMTOR5;OTUD3
RNA self-attention,1,C1,679,Reactome_2022,Signaling By Rho GTPases R-HSA-194315,43/644,2.051e-05,2.168e-03,2.106,22.733,AHCTF1;KDM1A;ROCK2;KIF14;CDCA8;MTR;FNBP1L;CENPA;PPP1CB;CDC42;XPO1;CAPZB;YWHAQ;VPS72;NUF2;EFHD2;CCT7;LBR;WASF2;ACTR2;PRPF38B;NUDC;RBM15;MTX1;NUP133;KIDINS220;TPM3;RCC2;ARHGAP29;PPP2R5A;MACO1;VRK2;ARPC5;KCTD3;CDC42BPA;DHDDS;RPS27;UBXN11;KIF2C;ARHGEF2;SOS1;RHOQ;ITGB3BP
RNA self-attention,1,C1,679,Reactome_2022,rRNA Processing In Nucleus And Cytosol R-HSA-8868773,19/189,2.493e-05,2.416e-03,3.243,34.374,RPL5;UTP25;RPS7;UTP11;RPS8;PNO1;WDR3;RPL22;HEATR1;RPL11;ISG20L2;NOL9;WDR43;EBNA1BP2;RPS27;EXOSC10;C1D;MPHOSPH10;RPS27A
RNA self-attention,1,C1,679,Reactome_2022,Post-translational Protein Modification R-HSA-597592,75/1383,3.767e-05,3.370e-03,1.710,17.420,B4GALT2;MCFD2;CSF1;DCAF8;MIA3;SMC6;PARK7;TTF2;MYSM1;TOMM20;CDC73;CAPZB;ADAMTSL4;MAN1A2;QSOX1;IKBKE;NDC1;PIAS3;CD52;PARP1;NUP133;COG2;MOGS;YOD1;FBXO11;PDIA6;POMGNT1;LRRC41;DDOST;DHDDS;PIGC;PSMA5;RNF144A;DPM3;PSME4;PIGK;PREB;STAMBP;SEC22B;PIGF;DTL;RAB1A;COPA;HDAC1;CDCA8;UAP1;BCL10;UBE2J2;LTBP1;RNF2;SPTA1;PSMB4;PSMB2;RBBP5;SVBP;DPH2;CHML;RPS27A;CD55;SOCS5;B3GALNT2;EDEM3;TRAPPC3;RAB4A;GALNT2;GFPT1;KLHL21;PEX13;AGBL5;RAB10;AGBL4;UBE2T;RAB13;MDM4;OTUD3
RNA self-attention,1,C1,679,Reactome_2022,Mitotic Anaphase R-HSA-68882,21/232,4.594e-05,3.556e-03,2.890,28.871,NDC1;AHCTF1;NUDC;NUP133;RCC2;CDCA8;PPP2R5A;VRK2;CENPA;PSMA5;PSMB4;RPS27;XPO1;PSMB2;PSME4;NUF2;RCC1;KIF2C;RPS27A;LBR;ITGB3BP
RNA self-attention,1,C1,679,Reactome_2022,mRNA Splicing - Major Pathway R-HSA-72163,18/181,4.669e-05,3.556e-03,3.201,31.916,SF3B4;SF3A3;PRPF38A;RBM8A;CPSF3;SF3B6;PRCC;YBX1;GCFC2;SYF2;PRPF3;PCBP1;SNRPG;PPIE;SNRNP27;PPIH;SNRPE;BCAS2
RNA self-attention,1,C1,679,Reactome_2022,Mitotic Metaphase And Anaphase R-HSA-2555396,21/233,4.892e-05,3.556e-03,2.877,28.552,NDC1;AHCTF1;NUDC;NUP133;RCC2;CDCA8;PPP2R5A;VRK2;CENPA;PSMA5;PSMB4;RPS27;XPO1;PSMB2;PSME4;NUF2;RCC1;KIF2C;RPS27A;LBR;ITGB3BP
RNA self-attention,1,C1,679,Reactome_2022,Cell Cycle R-HSA-1640170,42/654,6.231e-05,4.263e-03,2.016,19.518,RAB1A;AHCTF1;HDAC1;CDCA8;LIN9;CENPA;CDC14A;PPP1CB;PSMB4;XPO1;PSMB2;RBBP4;YWHAQ;EXO1;ENSA;NUF2;RCC1;NEK2;RPS27A;LBR;NDC1;NUDC;CDK11A;CDKN2C;RRM2;NUP133;RCC2;NEK7;PPP2R5A;CDC7;VRK2;CDK11B;EML4;PSMA5;POLE4;RPS27;PSME4;MDM4;KIF2C;LPIN1;BLZF1;ITGB3BP
RNA self-attention,1,C1,679,Reactome_2022,Separation Of Sister Chromatids R-HSA-2467813,17/170,7.021e-05,4.389e-03,3.217,30.769,AHCTF1;NUDC;NUP133;RCC2;CDCA8;PPP2R5A;CENPA;PSMA5;PSMB4;RPS27;XPO1;PSMB2;PSME4;NUF2;KIF2C;RPS27A;ITGB3BP
RNA self-attention,1,C1,679,Reactome_2022,Unattached Kinetochores Signal Amplification Via A MAD2 Inhibitory Signal R-HSA-141444,12/93,7.170e-05,4.389e-03,4.273,40.781,AHCTF1;NUDC;XPO1;RPS27;NUP133;RCC2;NUF2;PPP2R5A;CDCA8;KIF2C;CENPA;ITGB3BP
RNA self-attention,1,C1,679,Reactome_2022,mRNA Splicing R-HSA-72172,18/189,8.216e-05,4.681e-03,3.050,28.687,SF3B4;SF3A3;PRPF38A;RBM8A;CPSF3;SF3B6;PRCC;YBX1;GCFC2;SYF2;PRPF3;PCBP1;SNRPG;PPIE;SNRNP27;PPIH;SNRPE;BCAS2
RNA self-attention,1,C1,679,Reactome_2022,Processing Of Capped Intron-Containing Pre-mRNA R-HSA-72203,21/242,8.453e-05,4.681e-03,2.758,25.868,NDC1;SF3B4;SF3A3;CHTOP;PRPF38A;RBM8A;NUP133;SF3B6;CPSF3;PRCC;YBX1;GCFC2;SYF2;PCBP1;PRPF3;SNRPG;PPIE;SNRNP27;PPIH;SNRPE;BCAS2
RNA self-attention,1,C1,679,Reactome_2022,M Phase R-HSA-68886,28/380,1.118e-04,5.910e-03,2.318,21.089,RAB1A;AHCTF1;CDCA8;CENPA;PSMB4;XPO1;PSMB2;ENSA;NUF2;RCC1;NEK2;RPS27A;LBR;NDC1;NUDC;NUP133;RCC2;NEK7;PPP2R5A;VRK2;EML4;PSMA5;RPS27;PSME4;KIF2C;LPIN1;BLZF1;ITGB3BP
RNA self-attention,1,C1,679,Reactome_2022,Cholesterol Biosynthesis R-HSA-191273,6/26,1.928e-04,9.748e-03,8.604,73.596,FDPS;ARV1;GGPS1;PMVK;DHCR24;LBR
RNA self-attention,1,C1,679,Reactome_2022,RHO GTPases Activate Formins R-HSA-5663220,13/119,2.038e-04,9.874e-03,3.538,30.071,AHCTF1;NUDC;NUP133;RCC2;CDCA8;PPP2R5A;CENPA;CDC42;RPS27;XPO1;NUF2;KIF2C;ITGB3BP
RNA self-attention,1,C1,679,Reactome_2022,MAPK6/MAPK4 Signaling R-HSA-5687128,11/90,2.319e-04,1.079e-02,4.011,33.568,PSMA5;CDC42;MOV10;PSMB4;JUN;XPO1;PSMB2;AGO3;PSME4;RPS27A;CDC14A
RNA self-attention,1,C1,679,Reactome_2022,Resolution Of Sister Chromatid Cohesion R-HSA-2500257,12/106,2.539e-04,1.136e-02,3.680,30.465,AHCTF1;NUDC;RPS27;XPO1;NUP133;RCC2;NUF2;CDCA8;PPP2R5A;KIF2C;CENPA;ITGB3BP
RNA self-attention,1,C1,679,Reactome_2022,Interconversion Of Nucleotide Di- And Triphosphates R-HSA-499943,6/28,2.977e-04,1.283e-02,7.821,63.499,RRM2;GUK1;AK2;CMPK1;AK4;CTPS1
RNA self-attention,1,C1,679,Reactome_2022,Mitotic Spindle Checkpoint R-HSA-69618,12/110,3.588e-04,1.435e-02,3.529,27.995,AHCTF1;NUDC;RPS27;XPO1;NUP133;RCC2;NUF2;CDCA8;PPP2R5A;KIF2C;CENPA;ITGB3BP
RNA self-attention,1,C1,679,Reactome_2022,Membrane Trafficking R-HSA-199991,37/599,3.592e-04,1.435e-02,1.924,15.258,DENND1B;RAB1A;NBAS;MCFD2;COPA;MIA3;FNBP1L;SPTA1;CAPZB;YWHAQ;MAN1A2;KIF1B;CHML;RPS27A;EPS15;CD55;TRAPPC3;ACTR2;RAB4A;EXOC8;SORT1;GALNT2;COG2;ARPC5;PUM1;RAB10;NECAP2;DNAJC6;RAB13;RAB3GAP2;PREB;KIF2C;VPS45;VAMP4;SEC22B;ACBD3;RHOQ
RNA self-attention,1,C1,679,Reactome_2022,Beta Oxidation Of octanoyl-CoA To hexanoyl-CoA R-HSA-77348,3/5,3.701e-04,1.435e-02,42.868,338.724,HADHB;HADHA;ACADM
RNA self-attention,1,C1,679,Reactome_2022,Cell Cycle Checkpoints R-HSA-69620,21/271,4.021e-04,1.509e-02,2.435,19.036,AHCTF1;NUDC;NUP133;RCC2;CDCA8;PPP2R5A;CDC7;CENPA;PSMA5;PSMB4;RPS27;XPO1;PSMB2;YWHAQ;EXO1;PSME4;NUF2;KIF2C;MDM4;RPS27A;ITGB3BP
RNA self-attention,1,C1,679,Reactome_2022,Mitochondrial Translation Initiation R-HSA-5368286,10/82,4.500e-04,1.635e-02,3.996,30.796,MRPS15;MRPS14;MRPL19;MRPS21;MTIF2;MRPL37;MRPL9;AURKAIP1;MRPL24;MRPL33
RNA self-attention,1,C1,679,Reactome_2022,Vesicle-mediated Transport R-HSA-5653656,38/637,5.856e-04,2.064e-02,1.853,13.791,DENND1B;RAB1A;NBAS;MCFD2;COPA;MIA3;FNBP1L;SPTA1;CAPZB;YWHAQ;MAN1A2;KIF1B;CHML;RPS27A;EPS15;CD55;TRAPPC3;ACTR2;RAB4A;EXOC8;SORT1;GALNT2;COG2;ARPC5;PUM1;RAB10;NECAP2;DNAJC6;C1D;RAB13;RAB3GAP2;PREB;KIF2C;VPS45;VAMP4;SEC22B;ACBD3;RHOQ
RNA self-attention,1,C1,679,Reactome_2022,Asparagine N-linked Glycosylation R-HSA-446203,21/282,6.769e-04,2.315e-02,2.331,17.009,EDEM3;B4GALT2;TRAPPC3;RAB1A;COPA;MCFD2;GFPT1;COG2;MOGS;MIA3;UAP1;DDOST;DHDDS;SPTA1;DPM3;CAPZB;MAN1A2;PREB;RPS27A;SEC22B;CD55
RNA self-attention,1,C1,679,Reactome_2022,Beta Oxidation Of decanoyl-CoA To octanoyl-CoA-CoA R-HSA-77346,3/6,7.216e-04,2.331e-02,28.577,206.728,HADHB;HADHA;ACADM
RNA self-attention,1,C1,679,Reactome_2022,Mitochondrial Fatty Acid Beta-Oxidation Of Unsaturated Fatty Acids R-HSA-77288,3/6,7.216e-04,2.331e-02,28.577,206.728,HADHB;HADHA;ACADM
RNA self-attention,1,C1,679,Reactome_2022,Mitochondrial Translation R-HSA-5368287,10/88,7.917e-04,2.488e-02,3.688,26.335,MRPS15;MRPS14;MRPL19;MRPS21;MTIF2;MRPL37;MRPL9;AURKAIP1;MRPL24;MRPL33
RNA self-attention,1,C1,679,Reactome_2022,rRNA Modification In Nucleus And Cytosol R-HSA-6790901,8/60,9.119e-04,2.791e-02,4.418,30.926,UTP25;RPS7;UTP11;PNO1;WDR3;HEATR1;MPHOSPH10;WDR43
RNA self-attention,1,C1,679,Reactome_2022,SARS-CoV-2 Modulates Host Translation Machinery R-HSA-9754678,7/47,9.721e-04,2.899e-02,5.021,34.827,RPS27;RPS7;RPS8;SNRPG;GEMIN6;SNRPE;RPS27A
RNA self-attention,1,C1,679,Reactome_2022,Regulation Of PTEN Gene Transcription R-HSA-8943724,8/61,1.019e-03,2.963e-02,4.334,29.860,JUN;KDM1A;RBBP4;HDAC1;LAMTOR2;RNF2;MTOR;LAMTOR5
RNA self-attention,1,C1,679,Reactome_2022,DNA Damage Bypass R-HSA-73893,7/48,1.105e-03,3.135e-02,4.898,33.347,MAD2L2;POLE4;USP1;SPRTN;ISG15;RPS27A;DTL
RNA self-attention,1,C1,679,Reactome_2022,Mitochondrial Fatty Acid Beta-Oxidation R-HSA-77289,6/36,1.223e-03,3.385e-02,5.733,38.449,HADHB;ACBD6;HADHA;ACOT7;THEM4;ACADM
RNA self-attention,1,C1,679,Reactome_2022,Diseases Associated With Glycosylation Precursor Biosynthesis R-HSA-5609975,4/15,1.333e-03,3.605e-02,10.403,68.871,DPM3;GALE;GFPT1;DHDDS
RNA self-attention,1,C1,679,Reactome_2022,TP53 Regulates Metabolic Genes R-HSA-5628897,9/81,1.677e-03,4.340e-02,3.591,22.950,MOV10;YWHAQ;AGO3;PRDX1;SESN2;LAMTOR2;MTOR;COX20;LAMTOR5
RNA self-attention,1,C1,679,Reactome_2022,Cellular Responses To Stress R-HSA-2262752,40/722,1.718e-03,4.340e-02,1.711,10.892,RPL5;CRTC2;RPL11;MIA3;LIN9;RNF2;PSMB4;XPO1;PSMB2;RBBP4;CAPZB;PRDX1;SESN2;RPS6KA1;PHGDH;RPS27A;NDC1;ZBTB17;JUN;SZT2;CDKN2C;RPS7;NUP133;RPS8;NFYC;RPL22;GFPT1;PDIA6;MTOR;PSMA5;MOV10;RPS27;AGO3;PSME4;LAMTOR2;MDM4;PREB;ATF3;LAMTOR5;COX20
RNA self-attention,1,C1,679,Reactome_2022,Mitotic Prometaphase R-HSA-68877,15/186,1.754e-03,4.340e-02,2.530,16.054,AHCTF1;NUDC;NUP133;RCC2;NEK7;CDCA8;PPP2R5A;CENPA;EML4;RPS27;XPO1;NUF2;NEK2;KIF2C;ITGB3BP
RNA self-attention,1,C1,679,Reactome_2022,Metabolism Of Non-Coding RNA R-HSA-194441,7/52,1.787e-03,4.340e-02,4.462,28.233,NDC1;NUP133;SNRPG;GEMIN6;SNRPE;LIN9;WDR77
RNA self-attention,1,C1,679,Reactome_2022,Mitochondrial Translation Elongation R-HSA-5389840,9/82,1.828e-03,4.340e-02,3.542,22.329,MRPS15;MRPS14;MRPL19;MRPS21;MRPL37;MRPL9;AURKAIP1;MRPL24;MRPL33
RNA self-attention,1,C1,679,Reactome_2022,Mitochondrial Translation Termination R-HSA-5419276,9/82,1.828e-03,4.340e-02,3.542,22.329,MRPS15;MRPS14;MRPL19;MRPS21;MRPL37;MRPL9;AURKAIP1;MRPL24;MRPL33
RNA self-attention,1,C1,679,Reactome_2022,SARS-CoV Infections R-HSA-9679506,24/369,1.906e-03,4.434e-02,2.015,12.622,NDC1;KDM1A;RPS7;NUP133;RPS8;HDAC1;ROCK2;SDC3;MOGS;ARID4B;ISG15;DDOST;SIKE1;RPS27;YWHAQ;RBBP4;SNRPG;GEMIN6;SNRPE;VPS45;RPS27A;SOS1;IKBKE;JAK1
RNA self-attention,1,C1,679,Reactome_2022,Antiviral Mechanism By IFN-stimulated Genes R-HSA-1169410,9/83,1.990e-03,4.539e-02,3.494,21.729,NDC1;PPM1B;RNASEL;NUP133;EIF2AK2;ISG15;RPS27A;EIF4G3;JAK1
RNA self-attention,1,C1,679,Reactome_2022,PIP3 Activates AKT Signaling R-HSA-1257604,19/268,2.105e-03,4.709e-02,2.205,13.590,JUN;KDM1A;HDAC1;PPP2R5A;RNF2;MTOR;PSMA5;MOV10;PSMB4;AGO3;PSMB2;RBBP4;PSME4;THEM4;LAMTOR2;RPS27A;SOS1;LAMTOR5;OTUD3
RNA self-attention,1,C1,679,Reactome_2022,Cellular Response To Starvation R-HSA-9711097,13/153,2.193e-03,4.811e-02,2.674,16.374,RPL5;SZT2;RPS7;RPS8;RPL22;RPL11;MTOR;RPS27;SESN2;LAMTOR2;RPS27A;ATF3;LAMTOR5
RNA self-attention,1,C1,679,MSigDB_Hallmark_2020,heme Metabolism,23/200,3.445e-07,1.585e-05,3.792,56.431,BTG2;EPB41;MGST3;NEK7;SLC2A1;HTRA2;MBOAT2;SLC30A1;SLC30A10;ADIPOR1;PPOX;TENT5C;RAP1GAP;RHD;ADD2;SPTA1;SELENBP1;TAL1;UROD;TRIM58;YPEL5;ERMAP;RHCE
RNA self-attention,1,C1,679,MSigDB_Hallmark_2020,Myc Targets V1,20/200,1.661e-05,3.820e-04,3.227,35.518,PABPC4;RPL22;ODC1;CAD;CTPS1;ILF2;SRM;PPM1G;XPO1;PSMB2;YWHAQ;PCBP1;SERBP1;USP1;SNRPG;MRPL9;CCT7;TARDBP;ACP1;CCT4
RNA self-attention,1,C1,679,MSigDB_Hallmark_2020,E2F Targets,17/200,4.940e-04,7.575e-03,2.686,20.445,CDKN2C;RRM2;AK2;CDCA8;RPA2;CTPS1;SMC6;POLE4;XPO1;MSH2;NASP;UBE2T;STMN1;DEPDC1;USP1;KIF2C;LBR
RNA self-attention,1,C1,679,MSigDB_Hallmark_2020,Adipogenesis,16/200,1.361e-03,1.044e-02,2.510,16.564,SLC66A3;CDKN2C;MGST3;PTGER3;ATL2;AK2;SDHC;SDHB;PPM1B;SCP2;CMPK1;SUCLG1;PREB;ACADM;DRAM2;MAP4K3
RNA self-attention,1,C1,679,MSigDB_Hallmark_2020,mTORC1 Signaling,16/200,1.361e-03,1.044e-02,2.510,16.564,NIBAN1;ACTR2;RAB1A;BTG2;RRM2;PNO1;NFYC;SLC2A1;CACYBP;AK4;DHCR24;ENO1;MLLT11;RIT1;PRDX1;PHGDH
RNA self-attention,1,C1,679,MSigDB_Hallmark_2020,Glycolysis,16/200,1.361e-03,1.044e-02,2.510,16.564,B4GALT2;MDH1;SDC3;GFPT1;COG2;AKR1A1;SDHC;AK4;ENO1;CENPA;GALE;UGP2;NASP;STMN1;DEPDC1;QSOX1
RNA self-attention,1,C1,679,MSigDB_Hallmark_2020,Pperoxisome,10/104,2.826e-03,1.621e-02,3.057,17.944,FDPS;SCP2;MSH2;PRDX1;PEX11B;DHCR24;CTPS1;ITGB1BP1;BCL10;PEX13
RNA self-attention,1,C1,679,MSigDB_Hallmark_2020,Fatty Acid Metabolism,13/158,2.907e-03,1.621e-02,2.581,15.077,FH;MDH1;ODC1;SDHC;DHCR24;HSD17B7;PRDX6;CRYZ;HADHB;UROD;SUCLG1;ACADM;S100A10
RNA self-attention,1,C1,679,MSigDB_Hallmark_2020,G2-M Checkpoint,15/200,3.524e-03,1.621e-02,2.337,13.198,STIL;CDKN2C;ODC1;RPA2;CDC7;CENPA;UCK2;SFPQ;XPO1;NASP;EXO1;STMN1;KIF2C;NEK2;LBR
RNA self-attention,1,C1,679,MSigDB_Hallmark_2020,Oxidative Phosphorylation,15/200,3.524e-03,1.621e-02,2.337,13.198,MRPS15;FH;MDH1;ATP5PB;MGST3;HTRA2;SDHC;SDHB;UQCRH;HADHB;HADHA;MFN2;NDUFS2;SUCLG1;ACADM
RNA self-attention,2,,510,GO_Biological_Process_2023,Detection Of Chemical Stimulus Involved In Sensory Perception Of Smell (GO:0050911),16/139,5.344e-07,6.635e-04,5.100,73.651,OR10J1;OR10K1;OR2L8;OR6K3;OR2G3;OR2G2;OR2M7;OR13G1;OR2T29;OR2M4;OR2M3;OR2L2;OR6P1;OR2T1;OR2W3;OR2L13
RNA self-attention,2,,510,GO_Biological_Process_2023,Detection Of Chemical Stimulus Involved In Sensory Perception (GO:0050907),16/141,6.495e-07,6.635e-04,5.018,71.487,OR10J1;OR10K1;OR2L8;OR6K3;OR2G3;OR2G2;OR2M7;OR13G1;OR2T29;OR2M4;OR2M3;OR2L2;OR6P1;OR2T1;OR2W3;OR2L13
RNA self-attention,2,,510,GO_Cellular_Component_2023,Cornified Envelope (GO:0001533),8/41,7.709e-06,1.495e-03,9.396,110.622,SPRR2E;SPRR3;SPRR2G;PKP1;SPRR2A;SPRR2B;RPTN;LCE1D
RNA self-attention,2,,510,Reactome_2022,Formation Of Cornified Envelope R-HSA-6809371,16/74,4.359e-11,3.260e-08,10.851,258.872,SPRR2E;SPRR3;SPRR2G;LCE3E;LCE1D;LCE3C;LCE2C;LCE3D;LCE3A;LCE2A;LCE6A;PKP1;LELP1;SPRR2A;SPRR2B;RPTN
RNA self-attention,2,,510,Reactome_2022,Keratinization R-HSA-6805567,16/208,9.166e-05,3.428e-02,3.255,30.267,SPRR2E;SPRR3;SPRR2G;LCE3E;LCE1D;LCE3C;LCE2C;LCE3D;LCE3A;LCE2A;LCE6A;PKP1;LELP1;SPRR2A;SPRR2B;RPTN
RNA self-attention,3,,334,GO_Cellular_Component_2023,Connexin Complex (GO:0005922),4/18,1.942e-04,3.086e-02,17.015,145.415,GJC2;GJB4;GJA5;GJB5
RNA self-attention,3,,334,GO_Cellular_Component_2023,Gap Junction (GO:0005921),4/21,3.652e-04,3.086e-02,14.010,110.891,GJC2;GJB4;GJA5;GJB5
RNA self-attention,4,,184,GO_Cellular_Component_2023,Endopeptidase Complex (GO:1905369),3/14,2.588e-04,3.364e-02,29.842,246.479,CASP9;COLEC11;FCN3
RNA self-attention,4,,184,KEGG_2021_Human,Starch and sucrose metabolism,4/36,3.244e-04,4.737e-02,13.739,110.370,AMY2A;AGL;AMY1C;PGM1
RNA self-attention,4,,184,Reactome_2022,Complement Cascade R-HSA-166658,5/55,1.496e-04,4.774e-02,11.042,97.258,C1QA;COLEC11;FCN3;CFHR1;CFHR5
RNA self-attention,4,,184,Reactome_2022,Creation Of C4 And C2 Activators R-HSA-166786,3/14,2.588e-04,4.774e-02,29.842,246.479,C1QA;COLEC11;FCN3
